Time,Angle,Error,Deriv,Sum,Cmd,Headroom,DesiredAng,Kp,Kd,Ki
0.01938462257385254,28.919906616210938,-8.919906616210938,-0.002750396728515625,0.0,0.550000011920929,34854.0,0,0,0,0
0.03062152862548828,28.79145622253418,-8.79145622253418,-0.209442138671875,0.0,0.550000011920929,34855.0,0,0,0,0
0.04064345359802246,28.61127281188965,-8.611272811889648,1.4793148040771484,0.0,0.550000011920929,34848.0,0,0,0,0
0.0606989860534668,30.01341438293457,-10.01341438293457,-1.1974906921386719,0.0,0.550000011920929,34854.0,0,0,0,0
0.0707247257232666,28.8159236907959,-8.815923690795898,0.016344070434570312,0.0,0.550000011920929,34889.0,0,0,0,0
0.09079504013061523,28.810482025146484,-8.810482025146484,0.0190582275390625,0.0,0.550000011920929,34890.0,0,0,0,0
0.10080790519714355,28.810482025146484,-8.810482025146484,0.021785736083984375,0.0,0.550000011920929,34890.0,0,0,0,0
0.12189555168151855,28.854101181030273,-8.854101181030273,-0.024560928344726562,0.0,0.550000011920929,34890.0,0,0,0,0
0.1328907012939453,28.8486385345459,-8.848638534545898,-0.10051918029785156,0.0,0.550000011920929,34891.0,0,0,0,0
0.2640528678894043,28.460622787475586,-8.460622787475586,0.002620697021484375,0.0,0.550000011920929,34890.0,0,0,0,0
0.4737739562988281,28.060165405273438,-8.060165405273438,1.6324806213378906,0.0,0.550000011920929,34890.0,0,0,0,0
0.6837255954742432,28.052629470825195,-8.052629470825195,0.042781829833984375,0.0,0.550000011920929,34890.0,0,0,0,0
0.8939886093139648,27.997547149658203,-7.997547149658203,0.022491455078125,0.0,0.550000011920929,34890.0,0,0,0,0
1.1047639846801758,27.967639923095703,-7.967639923095703,0.0699310302734375,0.0,0.550000011920929,34889.0,0,0,0,0
1.3136992454528809,27.98008918762207,-7.98008918762207,0.022449493408203125,0.0,0.550000011920929,34890.0,0,0,0,0
1.5210199356079102,28.030052185058594,-8.030052185058594,-0.05494499206542969,0.0,0.550000011920929,34890.0,0,0,0,0
1.733844518661499,27.982580184936523,-7.982580184936523,-0.09916496276855469,0.0,0.550000011920929,34890.0,0,0,0,0
1.937622308731079,27.92790985107422,-7.927909851074219,0.8040103912353516,0.0,0.550000011920929,34889.0,0,0,0,0
2.1544296741485596,27.7463436126709,-7.746343612670898,0.1964435577392578,0.0,0.550000011920929,34889.0,0,0,0,0
2.350123405456543,27.63044548034668,-7.63044548034668,-0.20406341552734375,0.0,0.550000011920929,34889.0,0,0,0,0
2.572521209716797,27.258968353271484,-7.258968353271484,0.0230712890625,0.0,0.550000011920929,34889.0,0,0,0,0
2.7840168476104736,27.22677230834961,-7.226772308349609,0.043720245361328125,0.0,0.550000011920929,34889.0,0,0,0,0
2.9920365810394287,27.229066848754883,-7.229066848754883,0.0,0.0,0.550000011920929,34890.0,0,0,0,0
3.2036960124969482,27.01350212097168,-7.01350212097168,0.09466743469238281,0.0,0.550000011920929,34890.0,0,0,0,0
3.4010448455810547,26.63805389404297,-6.638053894042969,-0.11747169494628906,0.0,0.550000011920929,34890.0,0,0,0,0
3.6211583614349365,26.46137237548828,-6.461372375488281,0.09109115600585938,0.0,0.550000011920929,34891.0,0,0,0,0
3.8337960243225098,26.315067291259766,-6.315067291259766,0.1547393798828125,0.0,0.550000011920929,34889.0,0,0,0,0
4.033269643783569,25.97360610961914,-5.973606109619141,0.02994537353515625,0.0,0.550000011920929,34891.0,0,0,0,0
4.24310040473938,25.90412139892578,-5.904121398925781,0.025743484497070312,0.0,0.550000011920929,34889.0,0,0,0,0
4.451420068740845,25.88831901550293,-5.88831901550293,0.03956413269042969,0.0,0.550000011920929,34889.0,0,0,0,0
4.671234846115112,25.608722686767578,-5.608722686767578,0.08254051208496094,0.0,0.550000011920929,34889.0,0,0,0,0
4.871082782745361,25.423542022705078,-5.423542022705078,0.01683807373046875,0.0,0.550000011920929,34890.0,0,0,0,0
5.087230205535889,25.32135581970215,-5.321355819702148,-0.17725181579589844,0.0,0.550000011920929,34890.0,0,0,0,0
5.304017066955566,25.29738426208496,-5.297384262084961,0.7402362823486328,0.0,0.550000011920929,34889.0,0,0,0,0
5.514361619949341,26.175241470336914,-6.175241470336914,-0.8944168090820312,0.0,0.550000011920929,34890.0,0,0,0,0
5.723128795623779,25.09003257751465,-5.090032577514648,0.08304977416992188,0.0,0.550000011920929,34891.0,0,0,0,0
5.924000024795532,24.790081024169922,-4.790081024169922,0.032989501953125,0.0,0.550000011920929,34890.0,0,0,0,0
6.138102293014526,24.73481559753418,-4.73481559753418,0.03795433044433594,0.0,0.550000011920929,34890.0,0,0,0,0
6.342508792877197,24.714181900024414,-4.714181900024414,0.0223541259765625,0.0,0.550000011920929,34890.0,0,0,0,0
6.5525360107421875,24.733095169067383,-4.733095169067383,-0.03948974609375,0.0,0.550000011920929,34889.0,0,0,0,0
6.761175632476807,24.710750579833984,-4.710750579833984,0.008584976196289062,0.0,0.550000011920929,34890.0,0,0,0,0
6.973266363143921,24.802221298217773,-4.802221298217773,0.02433013916015625,0.0,0.550000011920929,34889.0,0,0,0,0
7.189229249954224,24.733095169067383,-4.733095169067383,-0.41115760803222656,0.0,0.550000011920929,34891.0,0,0,0,0
7.4045188426971436,24.2049560546875,-4.2049560546875,-0.001613616943359375,0.0,0.550000011920929,34890.0,0,0,0,0
7.603139638900757,24.190448760986328,-4.190448760986328,0.011281967163085938,0.0,0.550000011920929,34889.0,0,0,0,0
7.82223916053772,24.18722915649414,-4.187229156494141,0.027410507202148438,0.0,0.550000011920929,34890.0,0,0,0,0
8.02520751953125,24.18079376220703,-4.180793762207031,0.009654998779296875,0.0,0.550000011920929,34890.0,0,0,0,0
8.239938735961914,24.190448760986328,-4.190448760986328,-0.01287078857421875,0.0,0.550000011920929,34889.0,0,0,0,0
8.440542697906494,24.198505401611328,-4.198505401611328,0.6856842041015625,0.0,0.550000011920929,34890.0,0,0,0,0
8.654552459716797,24.84746742248535,-4.847467422485352,-0.6714973449707031,0.0,0.550000011920929,34890.0,0,0,0,0
8.871714115142822,23.980667114257812,-3.9806671142578125,0.0851593017578125,0.0,0.550000011920929,34890.0,0,0,0,0
9.077539682388306,23.7259578704834,-3.7259578704833984,0.019775390625,0.0,0.550000011920929,34888.0,0,0,0,0
9.279603481292725,23.695634841918945,-3.6956348419189453,0.0075702667236328125,0.0,0.550000011920929,34890.0,0,0,0,0
9.49061393737793,23.682024002075195,-3.6820240020751953,0.027240753173828125,0.0,0.550000011920929,34891.0,0,0,0,0
9.704842805862427,23.6895809173584,-3.6895809173583984,-0.007556915283203125,0.0,0.550000011920929,34891.0,0,0,0,0
9.923285961151123,23.69411849975586,-3.6941184997558594,-0.021152496337890625,0.0,0.550000011920929,34890.0,0,0,0,0
10.123165369033813,23.53830909729004,-3.538309097290039,0.8757991790771484,0.0,0.550000011920929,34890.0,0,0,0,0
10.329989910125732,24.372831344604492,-4.372831344604492,-0.7074069976806641,0.0,0.550000011920929,34889.0,0,0,0,0
10.539425134658813,23.67145538330078,-3.6714553833007812,-0.00452423095703125,0.0,0.550000011920929,34889.0,0,0,0,0
10.75508427619934,23.669946670532227,-3.6699466705322266,0.00905609130859375,0.0,0.550000011920929,34890.0,0,0,0,0
10.97183632850647,23.67296600341797,-3.6729660034179688,0.0,0.0,0.550000011920929,34889.0,0,0,0,0
11.172868013381958,23.67145538330078,-3.6714553833007812,0.021150588989257812,0.0,0.550000011920929,34890.0,0,0,0,0
11.38215684890747,23.68504524230957,-3.6850452423095703,0.019674301147460938,0.0,0.550000011920929,34890.0,0,0,0,0
11.594135761260986,23.669946670532227,-3.6699466705322266,0.1476917266845703,0.0,0.550000011920929,34889.0,0,0,0,0
11.804832458496094,23.436616897583008,-3.436616897583008,0.6054649353027344,0.0,0.550000011920929,34889.0,0,0,0,0
12.022181034088135,23.988513946533203,-3.988513946533203,-0.6580638885498047,0.0,0.550000011920929,34890.0,0,0,0,0
12.22369933128357,23.21432113647461,-3.2143211364746094,0.0056915283203125,0.0,0.550000011920929,34889.0,0,0,0,0
12.430513858795166,23.195844650268555,-3.1958446502685547,-0.002838134765625,0.0,0.550000011920929,34889.0,0,0,0,0
12.640417575836182,23.1859130859375,-3.1859130859375,0.015611648559570312,0.0,0.550000011920929,34890.0,0,0,0,0
12.863873720169067,23.195844650268555,-3.1958446502685547,0.021322250366210938,0.0,0.550000011920929,34890.0,0,0,0,0
13.07283616065979,23.19442367553711,-3.1944236755371094,-0.06360816955566406,0.0,0.550000011920929,34890.0,0,0,0,0
13.27549958229065,23.166088104248047,-3.166088104248047,0.5720329284667969,0.0,0.550000011920929,34890.0,0,0,0,0
13.483576536178589,23.464488983154297,-3.464488983154297,-0.13692665100097656,0.0,0.550000011920929,34890.0,0,0,0,0
13.69099473953247,23.482141494750977,-3.4821414947509766,-0.29622840881347656,0.0,0.550000011920929,34889.0,0,0,0,0
13.914138555526733,23.18166160583496,-3.181661605834961,0.002834320068359375,0.0,0.550000011920929,34890.0,0,0,0,0
14.112695217132568,22.912925720214844,-2.9129257202148438,0.05079460144042969,0.0,0.550000011920929,34890.0,0,0,0,0
14.323890209197998,22.78941535949707,-2.7894153594970703,0.017520904541015625,0.0,0.550000011920929,34889.0,0,0,0,0
14.533879518508911,22.770587921142578,-2.770587921142578,0.018827438354492188,0.0,0.550000011920929,34890.0,0,0,0,0
14.741918802261353,22.61638832092285,-2.6163883209228516,-0.0354461669921875,0.0,0.550000011920929,34891.0,0,0,0,0
14.96395206451416,22.295690536499023,-2.2956905364990234,0.7274875640869141,0.0,0.550000011920929,34890.0,0,0,0,0
15.172256231307983,22.937593460083008,-2.937593460083008,-0.5735130310058594,0.0,0.550000011920929,34890.0,0,0,0,0
15.379173755645752,22.174402236938477,-2.1744022369384766,0.04603004455566406,0.0,0.550000011920929,34891.0,0,0,0,0
15.586254835128784,21.981008529663086,-1.981008529663086,0.029050827026367188,0.0,0.550000011920929,34890.0,0,0,0,0
15.791804790496826,21.954479217529297,-1.9544792175292969,0.015666961669921875,0.0,0.550000011920929,34890.0,0,0,0,0
16.00713324546814,21.953275680541992,-1.9532756805419922,0.01445770263671875,0.0,0.550000011920929,34890.0,0,0,0,0
16.212235689163208,21.700176239013672,-1.7001762390136719,-0.0104522705078125,0.0,0.550000011920929,34890.0,0,0,0,0
16.42379117012024,21.58029556274414,-1.5802955627441406,0.46623992919921875,0.0,0.550000011920929,34890.0,0,0,0,0
16.63537836074829,21.83627700805664,-1.8362770080566406,-0.21010971069335938,0.0,0.550000011920929,34890.0,0,0,0,0
16.84276533126831,21.598609924316406,-1.5986099243164062,-0.0068721771240234375,0.0,0.550000011920929,34891.0,0,0,0,0
17.057241916656494,21.525632858276367,-1.5256328582763672,-0.0249176025390625,0.0,0.550000011920929,34890.0,0,0,0,0
17.261146545410156,21.29895782470703,-1.2989578247070312,0.030839920043945312,0.0,0.550000011920929,34890.0,0,0,0,0
17.474629640579224,21.244218826293945,-1.2442188262939453,0.00763702392578125,0.0,0.550000011920929,34890.0,0,0,0,0
17.684385299682617,21.23550033569336,-1.2355003356933594,-0.01088714599609375,0.0,0.550000011920929,34890.0,0,0,0,0
17.896571159362793,21.212661743164062,-1.2126617431640625,0.09069252014160156,0.0,0.550000011920929,34890.0,0,0,0,0
18.10728907585144,21.108123779296875,-1.108123779296875,0.38016700744628906,0.0,0.550000011920929,34889.0,0,0,0,0
18.31172800064087,21.3685359954834,-1.3685359954833984,-0.40441322326660156,0.0,0.550000011920929,34889.0,0,0,0,0
18.52527356147766,20.919200897216797,-0.9192008972167969,-0.008325576782226562,0.0,0.550000011920929,34889.0,0,0,0,0
18.736023426055908,20.893217086791992,-0.8932170867919922,-0.007259368896484375,0.0,0.550000011920929,34890.0,0,0,0,0
18.94136929512024,20.86939811706543,-0.8693981170654297,0.010345458984375,0.0,0.550000011920929,34890.0,0,0,0,0
19.16196632385254,20.88492202758789,-0.8849220275878906,0.008295059204101562,0.0,0.550000011920929,34891.0,0,0,0,0
19.36242389678955,20.843599319458008,-0.8435993194580078,-0.08090019226074219,0.0,0.550000011920929,34890.0,0,0,0,0
19.575563430786133,20.714000701904297,-0.7140007019042969,0.6224231719970703,0.0,0.550000011920929,34890.0,0,0,0,0
19.78645634651184,21.25840950012207,-1.2584095001220703,-0.46100807189941406,0.0,0.550000011920929,34889.0,0,0,0,0
19.993276119232178,20.804567337036133,-0.8045673370361328,-0.0040950775146484375,0.0,0.550000011920929,34890.0,0,0,0,0
20.209402799606323,20.804567337036133,-0.8045673370361328,-0.012281417846679688,0.0,0.550000011920929,34890.0,0,0,0,0
20.414294242858887,20.790241241455078,-0.7902412414550781,-0.006130218505859375,0.0,0.550000011920929,34890.0,0,0,0,0
20.63313055038452,20.771867752075195,-0.7718677520751953,0.012243270874023438,0.0,0.550000011920929,34889.0,0,0,0,0
20.836437940597534,20.78717613220215,-0.7871761322021484,-0.07519721984863281,0.0,0.550000011920929,34890.0,0,0,0,0
21.043132543563843,20.592748641967773,-0.5927486419677734,0.4993438720703125,0.0,0.550000011920929,34891.0,0,0,0,0
21.260174036026,20.967266082763672,-0.9672660827636719,-0.35462188720703125,0.0,0.550000011920929,34890.0,0,0,0,0
21.46245241165161,20.500988006591797,-0.5009880065917969,0.00196075439453125,0.0,0.550000011920929,34890.0,0,0,0,0
21.67939066886902,20.500988006591797,-0.5009880065917969,-0.0029392242431640625,0.0,0.550000011920929,34889.0,0,0,0,0
21.88719630241394,20.488258361816406,-0.48825836181640625,-0.01856231689453125,0.0,0.550000011920929,34889.0,0,0,0,0
22.091898202896118,20.468721389770508,-0.4687213897705078,0.004878997802734375,0.0,0.550000011920929,34890.0,0,0,0,0
22.302708387374878,20.476530075073242,-0.4765300750732422,-0.038951873779296875,0.0,0.550000011920929,34890.0,0,0,0,0
22.514732122421265,20.44826889038086,-0.4482688903808594,0.29105186462402344,0.0,0.550000011920929,34890.0,0,0,0,0
22.725730895996094,20.62959861755371,-0.6295986175537109,-0.03188323974609375,0.0,0.550000011920929,34889.0,0,0,0,0
22.93759536743164,20.67167091369629,-0.6716709136962891,-0.1716632843017578,0.0,0.550000011920929,34890.0,0,0,0,0
23.143314599990845,20.282066345214844,-0.28206634521484375,0.037113189697265625,0.0,0.550000011920929,34888.0,0,0,0,0
23.359330415725708,20.217838287353516,-0.21783828735351562,-0.0046977996826171875,0.0,0.550000011920929,34887.0,0,0,0,0
23.56528329849243,20.1925048828125,-0.1925048828125,-0.018703460693359375,0.0,0.550000011920929,34889.0,0,0,0,0
23.776378393173218,20.171934127807617,-0.1719341278076172,0.005603790283203125,0.0,0.550000011920929,34889.0,0,0,0,0
23.99451780319214,20.157012939453125,-0.157012939453125,-0.015817642211914062,0.0,0.550000011920929,34888.0,0,0,0,0
24.198153495788574,20.05348014831543,-0.05348014831542969,0.4887962341308594,0.0,0.550000011920929,34888.0,0,0,0,0
24.40928864479065,20.464820861816406,-0.46482086181640625,-0.39205169677734375,0.0,0.550000011920929,34889.0,0,0,0,0
24.61592197418213,19.92177963256836,0.07822036743164062,0.01891326904296875,0.0,0.550000011920929,34888.0,0,0,0,0
24.827614307403564,19.91099739074707,0.08900260925292969,-0.0017948150634765625,0.0,0.550000011920929,34889.0,0,0,0,0
25.044920444488525,19.912792205810547,0.08720779418945312,-0.01525115966796875,0.0,0.550000011920929,34889.0,0,0,0,0
25.242563247680664,19.838665008544922,0.16133499145507812,0.041873931884765625,0.0,0.550000011920929,34889.0,0,0,0,0
25.464035272598267,19.665983200073242,0.3340167999267578,-0.08082199096679688,0.0,0.550000011920929,34888.0,0,0,0,0
25.666788816452026,19.553621292114258,0.4463787078857422,0.4797077178955078,0.0,0.550000011920929,34888.0,0,0,0,0
25.877177000045776,19.79264259338379,0.20735740661621094,-0.3377666473388672,0.0,0.550000011920929,34888.0,0,0,0,0
26.09488821029663,19.3815860748291,0.6184139251708984,0.01160430908203125,0.0,0.550000011920929,34888.0,0,0,0,0
26.294569969177246,19.198701858520508,0.8012981414794922,0.03147125244140625,0.0,0.550000011920929,34889.0,0,0,0,0
26.502079963684082,19.14899253845215,0.8510074615478516,0.007190704345703125,0.0,0.550000011920929,34887.0,0,0,0,0
26.71616291999817,18.995901107788086,1.004098892211914,0.032833099365234375,0.0,0.550000011920929,34889.0,0,0,0,0
26.927316188812256,18.911481857299805,1.0885181427001953,-0.0030765533447265625,0.0,0.550000011920929,34888.0,0,0,0,0
27.145286083221436,18.83653450012207,1.1634654998779297,0.3589496612548828,0.0,0.550000011920929,34888.0,0,0,0,0
27.34489417076111,19.181018829345703,0.8189811706542969,-0.30788612365722656,0.0,0.550000011920929,34889.0,0,0,0,0
27.560975313186646,18.707122802734375,1.292877197265625,0.029109954833984375,0.0,0.550000011920929,34888.0,0,0,0,0
27.768731117248535,18.657428741455078,1.3425712585449219,0.0036945343017578125,0.0,0.550000011920929,34887.0,0,0,0,0
27.982818841934204,18.63972282409668,1.3602771759033203,0.013273239135742188,0.0,0.550000011920929,34888.0,0,0,0,0
28.1953763961792,18.64193344116211,1.3580665588378906,0.00368499755859375,0.0,0.550000011920929,34888.0,0,0,0,0
28.394325017929077,18.543241500854492,1.4567584991455078,0.0254364013671875,0.0,0.550000011920929,34889.0,0,0,0,0
28.611414909362793,18.41618537902832,1.5838146209716797,0.3036079406738281,0.0,0.550000011920929,34889.0,0,0,0,0
28.819087266921997,18.687047958374023,1.3129520416259766,-0.27015113830566406,0.0,0.550000011920929,34888.0,0,0,0,0
29.027587175369263,18.413345336914062,1.5866546630859375,-0.0056781768798828125,0.0,0.550000011920929,34888.0,0,0,0,0
29.232133388519287,18.404829025268555,1.5951709747314453,0.00496673583984375,0.0,0.550000011920929,34889.0,0,0,0,0
29.44545555114746,18.366655349731445,1.6333446502685547,0.0190582275390625,0.0,0.550000011920929,34888.0,0,0,0,0
29.66115689277649,18.250774383544922,1.7492256164550781,0.025638580322265625,0.0,0.550000011920929,34889.0,0,0,0,0
29.868144989013672,18.205307006835938,1.7946929931640625,-0.001373291015625,0.0,0.550000011920929,34888.0,0,0,0,0
30.077932357788086,18.203933715820312,1.7960662841796875,0.2179393768310547,0.0,0.550000011920929,34888.0,0,0,0,0
30.295556783676147,18.41618537902832,1.5838146209716797,-0.2225360870361328,0.0,0.550000011920929,34888.0,0,0,0,0
30.50495147705078,18.212860107421875,1.787139892578125,-0.024003982543945312,0.0,0.550000011920929,34888.0,0,0,0,0
30.71090006828308,18.12891960144043,1.8710803985595703,0.05925178527832031,0.0,0.550000011920929,34889.0,0,0,0,0
30.918673038482666,18.093782424926758,1.9062175750732422,0.03446006774902344,0.0,0.550000011920929,34887.0,0,0,0,0
31.127642393112183,18.001508712768555,1.9984912872314453,0.013284683227539062,0.0,0.550000011920929,34889.0,0,0,0,0
31.330960512161255,17.992889404296875,2.007110595703125,-0.009931564331054688,0.0,-0.0,34889.0,0,0,0,0
31.55074405670166,17.9902400970459,2.0097599029541016,0.001323699951171875,0.0,-0.0,34891.0,0,0,0,0
31.7645320892334,18.166311264038086,1.833688735961914,-0.1740856170654297,0.0,-0.0,34892.0,0,0,0,0
31.969563007354736,17.986928939819336,2.013071060180664,0.0033111572265625,0.0,-0.0,34892.0,0,0,0,0
32.17827129364014,17.98626708984375,2.01373291015625,0.0019855499267578125,0.0,-0.0,34892.0,0,0,0,0
32.39490556716919,17.98957633972168,2.0104236602783203,-0.001323699951171875,0.0,-0.0,34891.0,0,0,0,0
32.59601426124573,17.9902400970459,2.0097599029541016,-0.0013256072998046875,0.0,-0.0,34891.0,0,0,0,0
32.81197953224182,17.98626708984375,2.01373291015625,-0.0072765350341796875,0.0,-0.0,34893.0,0,0,0,0
33.02101111412048,17.980974197387695,2.0190258026123047,0.0066165924072265625,0.0,-0.0,34892.0,0,0,0,0
33.22889804840088,18.07427406311035,1.9257259368896484,-0.05748558044433594,0.0,-0.0,34894.0,0,0,0,0
33.44434142112732,18.042789459228516,1.9572105407714844,-0.05453681945800781,0.0,-0.0,34895.0,0,0,0,0
33.64653396606445,17.987590789794922,2.012409210205078,-0.0046329498291015625,0.0,-0.0,34894.0,0,0,0,0
33.861435890197754,17.986928939819336,2.013071060180664,0.0006618499755859375,0.0,-0.0,34894.0,0,0,0,0
34.074774503707886,17.9902400970459,2.0097599029541016,-0.0039730072021484375,0.0,-0.0,34895.0,0,0,0,0
34.27802777290344,17.9902400970459,2.0097599029541016,-0.014554977416992188,0.0,-0.0,34895.0,0,0,0,0
34.49475312232971,17.975685119628906,2.0243148803710938,-0.017152786254882812,0.0,-0.0,34895.0,0,0,0,0
34.697383642196655,17.987590789794922,2.012409210205078,0.0178985595703125,0.0,-0.0,34893.0,0,0,0,0
34.911537408828735,18.000844955444336,1.999155044555664,-0.027801513671875,0.0,0.949999988079071,34890.0,0,0,0,0
35.12488389015198,18.008148193359375,1.991851806640625,-0.03708457946777344,0.0,0.949999988079071,34890.0,0,0,0,0
35.32796335220337,18.13027572631836,1.8697242736816406,-0.023004531860351562,0.0,0.949999988079071,34889.0,0,0,0,0
35.53928208351135,18.182016372680664,1.817983627319336,-0.010248184204101562,0.0,0.949999988079071,34890.0,0,0,0,0
35.7471878528595,18.17654800415039,1.8234519958496094,0.0013675689697265625,0.0,0.949999988079071,34890.0,0,0,0,0
35.961997270584106,18.171768188476562,1.8282318115234375,-0.04962158203125,0.0,0.949999988079071,34893.0,0,0,0,0
36.17518496513367,18.354684829711914,1.645315170288086,-0.009136199951171875,0.0,0.949999988079071,34892.0,0,0,0,0
36.379379749298096,18.52224349975586,1.4777565002441406,-0.14500808715820312,0.0,0.949999988079071,34891.0,0,0,0,0
36.583070278167725,18.40270233154297,1.5972976684570312,-0.010623931884765625,0.0,0.949999988079071,34892.0,0,0,0,0
36.79890966415405,18.457530975341797,1.5424690246582031,-0.05908012390136719,0.0,0.949999988079071,34892.0,0,0,0,0
37.01304388046265,18.5832576751709,1.4167423248291016,-0.007293701171875,0.0,0.949999988079071,34892.0,0,0,0,0
37.22490882873535,18.623538970947266,1.3764610290527344,-0.015411376953125,0.0,0.949999988079071,34892.0,0,0,0,0
37.43073081970215,18.647830963134766,1.3521690368652344,-0.08716011047363281,0.0,0.949999988079071,34891.0,0,0,0,0
37.63119888305664,18.726512908935547,1.2734870910644531,0.07817459106445312,0.0,0.949999988079071,34889.0,0,0,0,0
37.85074162483215,18.853282928466797,1.1467170715332031,-0.0022869110107421875,0.0,0.949999988079071,34888.0,0,0,0,0
38.06289768218994,19.042070388793945,0.9579296112060547,-0.037586212158203125,0.0,0.949999988079071,34888.0,0,0,0,0
38.263219118118286,19.130647659301758,0.8693523406982422,-0.036529541015625,0.0,0.949999988079071,34891.0,0,0,0,0
38.47939920425415,19.307479858398438,0.6925201416015625,-0.0040912628173828125,0.0,0.949999988079071,34890.0,0,0,0,0
38.680665731430054,19.465774536132812,0.5342254638671875,-0.04431343078613281,0.0,0.949999988079071,34892.0,0,0,0,0
38.89951825141907,19.573209762573242,0.4267902374267578,-0.09399795532226562,0.0,0.949999988079071,34892.0,0,0,0,0
39.113367795944214,19.628028869628906,0.37197113037109375,0.4291210174560547,0.0,0.949999988079071,34892.0,0,0,0,0
39.31238675117493,19.846662521362305,0.1533374786376953,-0.009775161743164062,0.0,0.949999988079071,34891.0,0,0,0,0
39.52954292297363,19.868038177490234,0.13196182250976562,-0.0053501129150390625,0.0,0.949999988079071,34892.0,0,0,0,0
39.74501037597656,19.876964569091797,0.12303543090820312,-0.0071430206298828125,0.0,0.949999988079071,34892.0,0,0,0,0
39.95174837112427,20.093961715698242,-0.09396171569824219,-0.011064529418945312,0.0,0.949999988079071,34892.0,0,0,0,0
40.1511344909668,20.144912719726562,-0.1449127197265625,0.0,0.0,0.949999988079071,34891.0,0,0,0,0
40.364256143569946,20.16819953918457,-0.1681995391845703,-0.06500244140625,0.0,0.949999988079071,34890.0,0,0,0,0
40.57043695449829,20.118000030517578,-0.11800003051757812,0.44501304626464844,0.0,0.949999988079071,34888.0,0,0,0,0
40.782005310058594,20.670665740966797,-0.6706657409667969,-0.37149620056152344,0.0,0.949999988079071,34888.0,0,0,0,0
41.002565145492554,20.43951988220215,-0.43951988220214844,-0.0067958831787109375,0.0,0.949999988079071,34890.0,0,0,0,0
41.21346068382263,20.45313262939453,-0.45313262939453125,-0.0019474029541015625,0.0,0.949999988079071,34890.0,0,0,0,0
41.41778039932251,20.473600387573242,-0.4736003875732422,0.0009746551513671875,0.0,0.949999988079071,34892.0,0,0,0,0
41.629605770111084,20.536361694335938,-0.5363616943359375,0.012821197509765625,0.0,0.949999988079071,34892.0,0,0,0,0
41.82982921600342,20.669662475585938,-0.6696624755859375,-0.07492828369140625,0.0,0.949999988079071,34893.0,0,0,0,0
42.052350997924805,20.73323631286621,-0.7332363128662109,0.20160293579101562,0.0,0.949999988079071,34892.0,0,0,0,0
42.263185262680054,20.82200050354004,-0.8220005035400391,-0.06642723083496094,0.0,0.949999988079071,34891.0,0,0,0,0
42.463446617126465,20.771867752075195,-0.7718677520751953,0.004077911376953125,0.0,0.949999988079071,34892.0,0,0,0,0
42.68443155288696,20.760662078857422,-0.7606620788574219,0.021406173706054688,0.0,0.949999988079071,34892.0,0,0,0,0
42.88006949424744,20.810714721679688,-0.8107147216796875,-0.025583267211914062,0.0,0.949999988079071,34890.0,0,0,0,0
43.102561473846436,20.838451385498047,-0.8384513854980469,0.022680282592773438,0.0,0.949999988079071,34887.0,0,0,0,0
43.31345176696777,20.866296768188477,-0.8662967681884766,-0.0072307586669921875,0.0,0.949999988079071,34889.0,0,0,0,0
43.51400542259216,20.878707885742188,-0.8787078857421875,-0.1322803497314453,0.0,0.949999988079071,34888.0,0,0,0,0
43.72891616821289,20.763717651367188,-0.7637176513671875,0.5981636047363281,0.0,0.949999988079071,34891.0,0,0,0,0
43.93571352958679,21.031518936157227,-1.0315189361572266,-0.06739616394042969,0.0,0.949999988079071,34889.0,0,0,0,0
44.15287137031555,21.160736083984375,-1.160736083984375,0.002155303955078125,0.0,0.949999988079071,34891.0,0,0,0,0
44.36323642730713,21.193143844604492,-1.1931438446044922,0.022775650024414062,0.0,0.949999988079071,34893.0,0,0,0,0
44.56421136856079,21.197477340698242,-1.1974773406982422,0.0206146240234375,0.0,0.949999988079071,34891.0,0,0,0,0
44.778541564941406,21.36520767211914,-1.3652076721191406,-0.08600425720214844,0.0,0.949999988079071,34892.0,0,0,0,0
44.98096489906311,21.524497985839844,-1.5244979858398438,-0.09017753601074219,0.0,0.949999988079071,34892.0,0,0,0,0
45.204572439193726,21.49958610534668,-1.4995861053466797,0.5201816558837891,0.0,0.949999988079071,34893.0,0,0,0,0
45.41292858123779,22.01976776123047,-2.0197677612304688,-0.4702720642089844,0.0,0.949999988079071,34893.0,0,0,0,0
45.61682868003845,21.780826568603516,-1.7808265686035156,-0.05503273010253906,0.0,0.949999988079071,34891.0,0,0,0,0
45.83010506629944,21.889766693115234,-1.8897666931152344,-0.014301300048828125,0.0,0.949999988079071,34889.0,0,0,0,0
46.031331062316895,21.912471771240234,-1.9124717712402344,0.0011959075927734375,0.0,0.949999988079071,34889.0,0,0,0,0
46.25493025779724,22.149639129638672,-2.149639129638672,-0.0603179931640625,0.0,0.949999988079071,34891.0,0,0,0,0
46.465118646621704,22.281835556030273,-2.2818355560302734,-0.026376724243164062,0.0,0.949999988079071,34890.0,0,0,0,0
46.66442680358887,22.418991088867188,-2.4189910888671875,0.2847461700439453,0.0,0.949999988079071,34891.0,0,0,0,0
46.881948947906494,22.757171630859375,-2.757171630859375,0.15575408935546875,0.0,0.949999988079071,34892.0,0,0,0,0
47.080907106399536,22.75583267211914,-2.7558326721191406,-0.03610420227050781,0.0,0.949999988079071,34890.0,0,0,0,0
47.30462694168091,22.9088191986084,-2.9088191986083984,-0.10593032836914062,0.0,0.949999988079071,34891.0,0,0,0,0
47.50264501571655,23.13222312927246,-3.132223129272461,-0.053318023681640625,0.0,0.949999988079071,34891.0,0,0,0,0
47.71443009376526,23.143495559692383,-3.143495559692383,-0.0056362152099609375,0.0,0.949999988079071,34891.0,0,0,0,0
47.933557987213135,23.144906997680664,-3.144906997680664,0.007053375244140625,0.0,0.949999988079071,34890.0,0,0,0,0
48.13375544548035,23.135042190551758,-3.135042190551758,-0.12018775939941406,0.0,0.949999988079071,34892.0,0,0,0,0
48.35504412651062,23.02734375,-3.02734375,0.8380813598632812,0.0,0.949999988079071,34891.0,0,0,0,0
48.56448006629944,23.363746643066406,-3.3637466430664062,-0.07794570922851562,0.0,0.949999988079071,34889.0,0,0,0,0
48.76867866516113,23.62482261657715,-3.6248226165771484,-0.04039192199707031,0.0,0.949999988079071,34890.0,0,0,0,0
48.98359227180481,23.66693115234375,-3.66693115234375,-0.030099868774414062,0.0,0.949999988079071,34890.0,0,0,0,0
49.182437896728516,23.68655776977539,-3.6865577697753906,-0.024148941040039062,0.0,0.949999988079071,34891.0,0,0,0,0
49.405192613601685,23.63833236694336,-3.6383323669433594,0.009021759033203125,0.0,0.949999988079071,34890.0,0,0,0,0
49.614418506622314,23.63833236694336,-3.6383323669433594,-0.04195594787597656,0.0,0.949999988079071,34890.0,0,0,0,0
49.81797456741333,23.817638397216797,-3.817638397216797,0.09119606018066406,0.0,0.949999988079071,34890.0,0,0,0,0
50.03317999839783,23.916610717773438,-3.9166107177734375,0.18098831176757812,0.0,0.949999988079071,34890.0,0,0,0,0
50.23437833786011,24.60163116455078,-4.601631164550781,-0.45293617248535156,0.0,0.949999988079071,34891.0,0,0,0,0
50.450018644332886,24.166332244873047,-4.166332244873047,-0.003208160400390625,0.0,0.949999988079071,34891.0,0,0,0,0
50.650601863861084,24.18079376220703,-4.180793762207031,-0.008035659790039062,0.0,0.949999988079071,34891.0,0,0,0,0
50.86957550048828,24.169544219970703,-4.169544219970703,-0.0048160552978515625,0.0,0.949999988079071,34890.0,0,0,0,0
51.08367872238159,24.15831184387207,-4.15831184387207,-0.022424697875976562,0.0,0.949999988079071,34891.0,0,0,0,0
51.28261089324951,24.245380401611328,-4.245380401611328,-0.14937400817871094,0.0,0.949999988079071,34891.0,0,0,0,0
51.49871587753296,24.515708923339844,-4.515708923339844,0.6428718566894531,0.0,0.949999988079071,34891.0,0,0,0,0
51.71540021896362,24.644084930419922,-4.644084930419922,0.03241157531738281,0.0,0.949999988079071,34890.0,0,0,0,0
51.91578555107117,24.698745727539062,-4.6987457275390625,0.0,0.0,0.949999988079071,34891.0,0,0,0,0
52.133601665496826,24.739980697631836,-4.739980697631836,-0.01377105712890625,0.0,0.949999988079071,34891.0,0,0,0,0
52.33601427078247,24.843976974487305,-4.843976974487305,-0.15722084045410156,0.0,0.949999988079071,34890.0,0,0,0,0
52.55003881454468,25.145912170410156,-5.145912170410156,-0.08457756042480469,0.0,0.949999988079071,34890.0,0,0,0,0
52.76502227783203,25.231348037719727,-5.231348037719727,-0.038280487060546875,0.0,0.949999988079071,34890.0,0,0,0,0
52.9659161567688,25.20945167541504,-5.209451675415039,-0.15169715881347656,0.0,0.949999988079071,34891.0,0,0,0,0
53.184643030166626,25.231348037719727,-5.231348037719727,0.06971931457519531,0.0,0.949999988079071,34890.0,0,0,0,0
53.38782572746277,26.419321060180664,-6.419321060180664,-0.9489231109619141,0.0,0.949999988079071,34891.0,0,0,0,0
53.59946966171265,25.751266479492188,-5.7512664794921875,0.025287628173828125,0.0,0.949999988079071,34891.0,0,0,0,0
53.81097626686096,25.860734939575195,-5.860734939575195,-0.027498245239257812,0.0,0.949999988079071,34891.0,0,0,0,0
54.01586389541626,25.88437271118164,-5.884372711181641,-0.015764236450195312,0.0,0.949999988079071,34891.0,0,0,0,0
54.23497557640076,26.275772094726562,-6.2757720947265625,-0.13311004638671875,0.0,0.949999988079071,34891.0,0,0,0,0
54.43379592895508,26.41512680053711,-6.415126800537109,-0.048084259033203125,0.0,0.949999988079071,34888.0,0,0,0,0
54.653558015823364,26.450841903686523,-6.450841903686523,0.0316314697265625,0.0,0.949999988079071,34890.0,0,0,0,0
54.86129140853882,26.789844512939453,-6.789844512939453,0.6177825927734375,0.0,0.949999988079071,34891.0,0,0,0,0
55.06535243988037,28.17902946472168,-8.17902946472168,-1.0957489013671875,0.0,0.949999988079071,34890.0,0,0,0,0
55.28520965576172,27.16727638244629,-7.167276382446289,0.011409759521484375,0.0,0.949999988079071,34891.0,0,0,0,0
55.48271870613098,27.563505172729492,-7.563505172729492,-0.1629009246826172,0.0,0.949999988079071,34891.0,0,0,0,0
55.69977784156799,27.753637313842773,-7.753637313842773,-0.12559127807617188,0.0,0.949999988079071,34890.0,0,0,0,0
55.90438723564148,27.942787170410156,-7.942787170410156,-0.06430244445800781,0.0,0.949999988079071,34891.0,0,0,0,0
56.11606431007385,27.910581588745117,-7.910581588745117,-0.0345611572265625,0.0,0.949999988079071,34890.0,0,0,0,0
56.334524393081665,27.915529251098633,-7.915529251098633,0.8515262603759766,0.0,0.949999988079071,34891.0,0,0,0,0
56.5331449508667,28.455379486083984,-8.455379486083984,-0.3725700378417969,0.0,0.949999988079071,34890.0,0,0,0,0
56.74944591522217,28.361492156982422,-8.361492156982422,-0.39385223388671875,0.0,0.949999988079071,34889.0,0,0,0,0
56.964465856552124,28.128265380859375,-8.128265380859375,-0.1680927276611328,0.0,0.949999988079071,34891.0,0,0,0,0
57.17062973976135,28.302000045776367,-8.302000045776367,0.007740020751953125,0.0,0.949999988079071,34891.0,0,0,0,0
57.38584327697754,28.71574592590332,-8.71574592590332,-0.048358917236328125,0.0,0.949999988079071,34891.0,0,0,0,0
57.58720922470093,28.794170379638672,-8.794170379638672,-0.07842445373535156,0.0,0.949999988079071,34890.0,0,0,0,0
57.80048155784607,28.745418548583984,-8.745418548583984,-0.010799407958984375,0.0,0.949999988079071,34891.0,0,0,0,0
58.014631509780884,28.6192684173584,-8.619268417358398,1.4775257110595703,0.0,0.949999988079071,34890.0,0,0,0,0
58.22067427635193,29.936824798583984,-9.936824798583984,-1.1018314361572266,0.0,0.949999988079071,34890.0,0,0,0,0
58.43508005142212,28.7562313079834,-8.756231307983398,0.0488128662109375,0.0,0.949999988079071,34891.0,0,0,0,0
58.634828090667725,29.457258224487305,-9.457258224487305,-0.11848640441894531,0.0,0.949999988079071,34891.0,0,0,0,0
58.851438760757446,29.848712921142578,-9.848712921142578,-0.05430412292480469,0.0,0.949999988079071,34890.0,0,0,0,0
59.06457328796387,29.900272369384766,-9.900272369384766,-0.06667137145996094,0.0,0.949999988079071,34890.0,0,0,0,0
59.27131199836731,29.91853141784668,-9.91853141784668,-0.05165290832519531,0.0,0.949999988079071,34891.0,0,0,0,0
59.48453640937805,29.866878509521484,-9.866878509521484,-0.18613624572753906,0.0,0.949999988079071,34890.0,0,0,0,0
59.68420124053955,29.574249267578125,-9.574249267578125,1.7819805145263672,0.0,0.949999988079071,34890.0,0,0,0,0
59.90008187294006,31.31423568725586,-11.31423568725586,-1.3987483978271484,0.0,0.949999988079071,34891.0,0,0,0,0
60.11494731903076,29.827560424804688,-9.827560424804688,0.08488082885742188,0.0,0.949999988079071,34891.0,0,0,0,0
60.3217248916626,29.885074615478516,-9.885074615478516,0.018238067626953125,0.0,0.949999988079071,34891.0,0,0,0,0
60.52412962913513,29.906354904174805,-9.906354904174805,-0.009128570556640625,0.0,0.949999988079071,34891.0,0,0,0,0
60.734625816345215,30.287750244140625,-10.287750244140625,-0.194061279296875,0.0,0.949999988079071,34890.0,0,0,0,0
60.95178580284119,30.69399070739746,-10.693990707397461,-0.14371109008789062,0.0,0.949999988079071,34891.0,0,0,0,0
61.165316581726074,30.78650665283203,-10.786506652832031,0.7930183410644531,0.0,0.949999988079071,34891.0,0,0,0,0
61.372472524642944,31.055522918701172,-11.055522918701172,0.5850753784179688,0.0,0.949999988079071,34891.0,0,0,0,0
61.58524298667908,32.24477767944336,-12.24477767944336,-1.3179092407226562,0.0,0.949999988079071,34891.0,0,0,0,0
61.78498077392578,30.896625518798828,-10.896625518798828,0.07745361328125,0.0,0.949999988079071,34891.0,0,0,0,0
62.00326347351074,30.930233001708984,-10.930233001708984,0.03033447265625,0.0,0.949999988079071,34891.0,0,0,0,0
62.201433420181274,31.00115394592285,-11.001153945922852,-0.00677490234375,0.0,0.949999988079071,34892.0,0,0,0,0
62.41812300682068,31.760175704956055,-11.760175704956055,-0.16272544860839844,0.0,0.949999988079071,34891.0,0,0,0,0
62.62154698371887,32.052032470703125,-12.052032470703125,-0.3100605010986328,0.0,0.949999988079071,34891.0,0,0,0,0
62.83693528175354,31.888490676879883,-11.888490676879883,1.8671855926513672,0.0,0.949999988079071,34891.0,0,0,0,0
63.05223751068115,33.22591781616211,-13.22591781616211,-1.1813735961914062,0.0,0.949999988079071,34890.0,0,0,0,0
63.25199246406555,32.007179260253906,-12.007179260253906,0.029880523681640625,0.0,0.949999988079071,34891.0,0,0,0,0
63.46811008453369,32.052032470703125,-12.052032470703125,0.030002593994140625,0.0,0.949999988079071,34891.0,0,0,0,0
63.682904958724976,32.8043327331543,-12.804332733154297,-0.06805038452148438,0.0,0.949999988079071,34891.0,0,0,0,0
63.88819694519043,33.25516128540039,-13.25516128540039,-0.058414459228515625,0.0,0.949999988079071,34891.0,0,0,0,0
64.10256695747375,33.364463806152344,-13.364463806152344,-0.04637908935546875,0.0,-0.0,34891.0,0,0,0,0
64.30198955535889,33.38560485839844,-13.385604858398438,-0.38272857666015625,0.0,-0.0,34893.0,0,0,0,0
64.51895117759705,33.113834381103516,-13.113834381103516,2.4331016540527344,0.0,-0.0,34895.0,0,0,0,0
64.73339986801147,35.445194244384766,-15.445194244384766,-1.9959182739257812,0.0,-0.0,34894.0,0,0,0,0
64.93626403808594,33.4322624206543,-13.432262420654297,0.004253387451171875,0.0,-0.0,34894.0,0,0,0,0
65.14114904403687,33.43651580810547,-13.436515808105469,-0.02548980712890625,0.0,-0.0,34894.0,0,0,0,0
65.35170221328735,33.42801284790039,-13.42801284790039,-0.0084991455078125,0.0,-0.0,34893.0,0,0,0,0
65.57022213935852,33.4322624206543,-13.432262420654297,0.004253387451171875,0.0,-0.0,34893.0,0,0,0,0
65.78477263450623,33.42801284790039,-13.42801284790039,-0.050868988037109375,0.0,-0.0,34894.0,0,0,0,0
65.99282550811768,33.394073486328125,-13.394073486328125,0.00423431396484375,0.0,-0.0,34893.0,0,0,0,0
66.20282340049744,33.05205535888672,-13.052055358886719,2.633636474609375,0.0,-0.0,34893.0,0,0,0,0
66.41484570503235,33.45353317260742,-13.453533172607422,-0.017017364501953125,0.0,-0.0,34892.0,0,0,0,0
66.6206603050232,33.4322624206543,-13.432262420654297,0.004253387451171875,0.0,-0.0,34893.0,0,0,0,0
66.82122254371643,33.423763275146484,-13.423763275146484,0.0084991455078125,0.0,-0.0,34894.0,0,0,0,0
67.0444688796997,33.41951370239258,-13.419513702392578,0.025508880615234375,0.0,-0.0,34894.0,0,0,0,0
67.25249981880188,33.440765380859375,-13.440765380859375,-0.012752532958984375,0.0,-0.0,34894.0,0,0,0,0
67.46435499191284,33.4322624206543,-13.432262420654297,-0.11417770385742188,0.0,-0.0,34894.0,0,0,0,0
67.6697769165039,33.30967712402344,-13.309677124023438,0.6179351806640625,0.0,0.550000011920929,34894.0,0,0,0,0
67.87047958374023,33.43651580810547,-13.436515808105469,0.00850677490234375,0.0,0.550000011920929,34889.0,0,0,0,0
68.0953152179718,33.151065826416016,-13.151065826416016,-0.5732421875,0.0,0.550000011920929,34889.0,0,0,0,0
68.30294990539551,32.21431350708008,-12.214313507080078,-0.07201004028320312,0.0,0.550000011920929,34890.0,0,0,0,0
68.51491379737854,32.142303466796875,-12.142303466796875,-0.0075531005859375,0.0,0.550000011920929,34890.0,0,0,0,0
68.7236864566803,32.082035064697266,-12.082035064697266,0.045169830322265625,0.0,0.550000011920929,34889.0,0,0,0,0
68.92129302024841,32.040802001953125,-12.040802001953125,0.0487518310546875,0.0,0.550000011920929,34890.0,0,0,0,0
69.13055300712585,31.384326934814453,-11.384326934814453,0.11668205261230469,0.0,0.550000011920929,34891.0,0,0,0,0
69.35365438461304,31.00115394592285,-11.001153945922852,0.13302040100097656,0.0,0.550000011920929,34889.0,0,0,0,0
69.56466507911682,32.54640579223633,-12.546405792236328,-1.514699935913086,0.0,0.550000011920929,34891.0,0,0,0,0
69.76975727081299,31.018112182617188,-11.018112182617188,-0.07103729248046875,0.0,0.550000011920929,34890.0,0,0,0,0
69.97440981864929,30.984222412109375,-10.984222412109375,-0.053989410400390625,0.0,0.550000011920929,34891.0,0,0,0,0
70.1813313961029,30.687414169311523,-10.687414169311523,0.23272132873535156,0.0,0.550000011920929,34890.0,0,0,0,0
70.40303540229797,30.10610008239746,-10.106100082397461,0.0841522216796875,0.0,0.550000011920929,34889.0,0,0,0,0
70.61490321159363,29.91548728942871,-9.915487289428711,0.10715675354003906,0.0,0.550000011920929,34889.0,0,0,0,0
70.81999611854553,29.891149520874023,-9.891149520874023,-0.17464828491210938,0.0,0.550000011920929,34890.0,0,0,0,0
71.02140402793884,29.906354904174805,-9.906354904174805,1.5911006927490234,0.0,0.550000011920929,34889.0,0,0,0,0
71.23214221000671,31.44780731201172,-11.447807312011719,-1.541452407836914,0.0,0.550000011920929,34889.0,0,0,0,0
71.45379447937012,29.976573944091797,-9.976573944091797,-0.11272621154785156,0.0,0.550000011920929,34890.0,0,0,0,0
71.66426849365234,29.949039459228516,-9.949039459228516,-0.07913017272949219,0.0,0.550000011920929,34890.0,0,0,0,0
71.87030029296875,29.044511795043945,-9.044511795043945,0.06992721557617188,0.0,0.550000011920929,34890.0,0,0,0,0
72.07140016555786,28.862300872802734,-8.862300872802734,0.057605743408203125,0.0,0.550000011920929,34891.0,0,0,0,0
72.28181791305542,28.77789306640625,-8.77789306640625,0.013563156127929688,0.0,0.550000011920929,34889.0,0,0,0,0
72.50390982627869,28.7562313079834,-8.756231307983398,0.08694648742675781,0.0,0.550000011920929,34889.0,0,0,0,0
72.70418906211853,28.56344223022461,-8.56344223022461,1.3855972290039062,0.0,0.550000011920929,34890.0,0,0,0,0
72.92503786087036,30.19025230407715,-10.190252304077148,-1.4096488952636719,0.0,0.550000011920929,34890.0,0,0,0,0
73.12101531028748,28.8404483795166,-8.840448379516602,-0.07339286804199219,0.0,0.550000011920929,34890.0,0,0,0,0
73.33435440063477,28.83772087097168,-8.83772087097168,-0.06253814697265625,0.0,0.550000011920929,34889.0,0,0,0,0
73.54422521591187,28.84590721130371,-8.845907211303711,-0.05445098876953125,0.0,0.550000011920929,34890.0,0,0,0,0
73.75455212593079,28.307159423828125,-8.307159423828125,-0.01031494140625,0.0,0.550000011920929,34889.0,0,0,0,0
73.97075176239014,28.171398162841797,-8.171398162841797,0.1823139190673828,0.0,0.550000011920929,34890.0,0,0,0,0
74.17213153839111,28.02504539489746,-8.025045394897461,0.6584320068359375,0.0,0.550000011920929,34890.0,0,0,0,0
74.38419818878174,28.120670318603516,-8.120670318603516,0.38199806213378906,0.0,0.550000011920929,34891.0,0,0,0,0
74.60471415519714,29.052875518798828,-9.052875518798828,-1.0802574157714844,0.0,0.550000011920929,34889.0,0,0,0,0
74.8077962398529,28.002538681030273,-8.002538681030273,-0.07215118408203125,0.0,0.550000011920929,34891.0,0,0,0,0
75.00989151000977,27.960172653198242,-7.960172653198242,-0.019866943359375,0.0,0.550000011920929,34890.0,0,0,0,0
75.22192192077637,27.982580184936523,-7.982580184936523,-0.04227447509765625,0.0,0.550000011920929,34890.0,0,0,0,0
75.43388843536377,27.950233459472656,-7.950233459472656,0.034839630126953125,0.0,0.550000011920929,34889.0,0,0,0,0
75.64875531196594,27.620853424072266,-7.620853424072266,0.048065185546875,0.0,0.550000011920929,34890.0,0,0,0,0
75.85452914237976,27.23136329650879,-7.231363296508789,1.2082996368408203,0.0,0.550000011920929,34890.0,0,0,0,0
76.061283826828,27.861249923706055,-7.861249923706055,-0.6091899871826172,0.0,0.550000011920929,34890.0,0,0,0,0
76.27252626419067,27.678560256958008,-7.678560256958008,-0.41267967224121094,0.0,0.550000011920929,34890.0,0,0,0,0
76.48547029495239,27.24745750427246,-7.247457504272461,-0.05505943298339844,0.0,0.550000011920929,34889.0,0,0,0,0
76.7032790184021,26.78765869140625,-6.78765869140625,0.021890640258789062,0.0,0.550000011920929,34891.0,0,0,0,0
76.90435433387756,26.5887393951416,-6.588739395141602,0.0042781829833984375,0.0,0.550000011920929,34890.0,0,0,0,0
77.12491774559021,26.52695083618164,-6.526950836181641,0.03403282165527344,0.0,0.550000011920929,34890.0,0,0,0,0
77.32237792015076,26.087961196899414,-6.087961196899414,-0.036273956298828125,0.0,0.550000011920929,34890.0,0,0,0,0
77.53524041175842,25.819520950317383,-5.819520950317383,1.0737056732177734,0.0,0.550000011920929,34890.0,0,0,0,0
77.75467348098755,26.73750877380371,-6.737508773803711,-0.8215122222900391,0.0,0.550000011920929,34891.0,0,0,0,0
77.95527386665344,25.876487731933594,-5.876487731933594,0.0039424896240234375,0.0,0.550000011920929,34889.0,0,0,0,0
78.16286563873291,25.46664047241211,-5.466640472412109,0.028228759765625,0.0,0.550000011920929,34889.0,0,0,0,0
78.37758135795593,25.317663192749023,-5.317663192749023,-0.014753341674804688,0.0,0.550000011920929,34891.0,0,0,0,0
78.59491515159607,25.29001808166504,-5.290018081665039,-0.0036773681640625,0.0,0.550000011920929,34890.0,0,0,0,0
78.80495190620422,25.278987884521484,-5.278987884521484,0.016551971435546875,0.0,0.550000011920929,34890.0,0,0,0,0
79.0059380531311,25.233173370361328,-5.233173370361328,-0.13954734802246094,0.0,0.550000011920929,34889.0,0,0,0,0
79.21261501312256,24.721054077148438,-4.7210540771484375,1.0750045776367188,0.0,0.550000011920929,34891.0,0,0,0,0
79.42173433303833,25.481685638427734,-5.481685638427734,-0.7123737335205078,0.0,0.550000011920929,34889.0,0,0,0,0
79.63488459587097,24.752044677734375,-4.752044677734375,-0.024112701416015625,0.0,0.550000011920929,34889.0,0,0,0,0
79.85537838935852,24.74859619140625,-4.74859619140625,-0.039562225341796875,0.0,0.550000011920929,34891.0,0,0,0,0
80.05519223213196,24.719335556030273,-4.719335556030273,-0.022304534912109375,0.0,0.550000011920929,34890.0,0,0,0,0
80.26320910453796,24.72620964050293,-4.72620964050293,0.0017223358154296875,0.0,0.550000011920929,34890.0,0,0,0,0
80.47342610359192,24.424043655395508,-4.424043655395508,0.08831405639648438,0.0,0.550000011920929,34890.0,0,0,0,0
80.69547939300537,24.18079376220703,-4.180793762207031,0.10196113586425781,0.0,0.550000011920929,34889.0,0,0,0,0
80.89458274841309,24.00580596923828,-4.005805969238281,0.20721817016601562,0.0,0.550000011920929,34889.0,0,0,0,0
81.10617733001709,24.193668365478516,-4.193668365478516,0.0016155242919921875,0.0,0.550000011920929,34890.0,0,0,0,0
81.3145980834961,24.2049560546875,-4.2049560546875,-0.027378082275390625,0.0,0.550000011920929,34891.0,0,0,0,0
81.52217507362366,24.193668365478516,-4.193668365478516,-0.04337120056152344,0.0,0.550000011920929,34889.0,0,0,0,0
81.74479174613953,24.193668365478516,-4.193668365478516,-0.03856468200683594,0.0,0.550000011920929,34891.0,0,0,0,0
81.95494174957275,24.172758102416992,-4.172758102416992,-0.014446258544921875,0.0,0.550000011920929,34890.0,0,0,0,0
82.1611156463623,23.999515533447266,-3.9995155334472656,0.0031452178955078125,0.0,0.550000011920929,34890.0,0,0,0,0
82.3683967590332,23.916610717773438,-3.9166107177734375,0.41351318359375,0.0,0.550000011920929,34888.0,0,0,0,0
82.57384777069092,23.719884872436523,-3.7198848724365234,0.05178070068359375,0.0,0.550000011920929,34891.0,0,0,0,0
82.79482245445251,23.83302116394043,-3.8330211639404297,-0.14192771911621094,0.0,0.550000011920929,34890.0,0,0,0,0
83.00471782684326,23.70471954345703,-3.7047195434570312,-0.039295196533203125,0.0,0.550000011920929,34890.0,0,0,0,0
83.20659303665161,23.695634841918945,-3.6956348419189453,-0.0407562255859375,0.0,0.550000011920929,34890.0,0,0,0,0
83.41482925415039,23.6895809173584,-3.6895809173583984,-0.02867889404296875,0.0,0.550000011920929,34891.0,0,0,0,0
83.62354302406311,23.68655776977539,-3.6865577697753906,-0.022640228271484375,0.0,0.550000011920929,34890.0,0,0,0,0
83.84006547927856,23.65186882019043,-3.6518688201904297,-0.06594467163085938,0.0,0.550000011920929,34889.0,0,0,0,0
84.04232954978943,23.58144760131836,-3.5814476013183594,0.09906578063964844,0.0,0.550000011920929,34891.0,0,0,0,0
84.25621485710144,24.295793533325195,-4.295793533325195,-0.6077232360839844,0.0,0.550000011920929,34890.0,0,0,0,0
84.46426463127136,23.67900276184082,-3.6790027618408203,0.0,0.0,0.550000011920929,34890.0,0,0,0,0
84.67733931541443,23.66693115234375,-3.66693115234375,-0.00904083251953125,0.0,0.550000011920929,34890.0,0,0,0,0
84.88964033126831,23.695634841918945,-3.6956348419189453,-0.03774452209472656,0.0,0.550000011920929,34890.0,0,0,0,0
85.09099435806274,23.650362014770508,-3.650362014770508,-0.05996131896972656,0.0,0.550000011920929,34891.0,0,0,0,0
85.30647659301758,23.300174713134766,-3.3001747131347656,0.0028781890869140625,0.0,0.550000011920929,34889.0,0,0,0,0
85.52321195602417,23.190168380737305,-3.1901683807373047,-0.10426902770996094,0.0,0.550000011920929,34890.0,0,0,0,0
85.72285723686218,23.17316246032715,-3.1731624603271484,0.5254993438720703,0.0,0.550000011920929,34890.0,0,0,0,0
85.94297909736633,23.882450103759766,-3.8824501037597656,-0.6837673187255859,0.0,0.550000011920929,34890.0,0,0,0,0
86.14366841316223,23.16750144958496,-3.167501449584961,0.019830703735351562,0.0,0.550000011920929,34889.0,0,0,0,0
86.35666275024414,23.20152473449707,-3.2015247344970703,-0.0071010589599609375,0.0,0.550000011920929,34889.0,0,0,0,0
86.56760740280151,23.210052490234375,-3.210052490234375,-0.04255104064941406,0.0,0.550000011920929,34890.0,0,0,0,0
86.77504086494446,23.190168380737305,-3.1901683807373047,-0.025493621826171875,0.0,0.550000011920929,34891.0,0,0,0,0
86.99015021324158,23.128000259399414,-3.128000259399414,-0.06445884704589844,0.0,0.550000011920929,34890.0,0,0,0,0
87.19647407531738,23.04960060119629,-3.049600601196289,0.12356185913085938,0.0,0.550000011920929,34891.0,0,0,0,0
87.40813422203064,23.143495559692383,-3.143495559692383,-0.2728710174560547,0.0,0.550000011920929,34890.0,0,0,0,0
87.61659526824951,23.019014358520508,-3.019014358520508,-0.23498153686523438,0.0,0.550000011920929,34890.0,0,0,0,0
87.82368421554565,22.76521873474121,-2.765218734741211,-0.002681732177734375,0.0,0.550000011920929,34890.0,0,0,0,0
88.04059171676636,22.5118465423584,-2.5118465423583984,0.03121185302734375,0.0,0.550000011920929,34890.0,0,0,0,0
88.24396991729736,22.394678115844727,-2.3946781158447266,-0.017864227294921875,0.0,0.550000011920929,34889.0,0,0,0,0
88.45980310440063,22.369171142578125,-2.369171142578125,-0.036830902099609375,0.0,0.550000011920929,34891.0,0,0,0,0
88.66727542877197,22.074621200561523,-2.0746212005615234,0.042949676513671875,0.0,0.550000011920929,34891.0,0,0,0,0
88.87394499778748,21.863569259643555,-1.8635692596435547,0.7541351318359375,0.0,0.550000011920929,34889.0,0,0,0,0
89.09082174301147,22.504066467285156,-2.5040664672851562,-0.5194320678710938,0.0,0.550000011920929,34890.0,0,0,0,0
89.29580926895142,21.864757537841797,-1.8647575378417969,0.10297584533691406,0.0,0.550000011920929,34888.0,0,0,0,0
89.50929975509644,21.634227752685547,-1.6342277526855469,0.03463554382324219,0.0,0.550000011920929,34890.0,0,0,0,0
89.71806049346924,21.613525390625,-1.613525390625,-0.020643234252929688,0.0,0.550000011920929,34888.0,0,0,0,0
89.92374753952026,21.60434341430664,-1.6043434143066406,-0.04117393493652344,0.0,0.550000011920929,34889.0,0,0,0,0
90.14065051078796,21.50297737121582,-1.5029773712158203,0.036281585693359375,0.0,0.550000011920929,34890.0,0,0,0,0
90.34608769416809,21.353015899658203,-1.3530158996582031,0.47142791748046875,0.0,0.550000011920929,34889.0,0,0,0,0
90.5564911365509,21.649215698242188,-1.6492156982421875,-0.3722038269042969,0.0,0.550000011920929,34890.0,0,0,0,0
90.7749342918396,21.220264434814453,-1.2202644348144531,0.04689216613769531,0.0,0.550000011920929,34889.0,0,0,0,0
90.97862911224365,21.20940589904785,-1.2094058990478516,0.03263092041015625,0.0,0.550000011920929,34890.0,0,0,0,0
91.19064927101135,21.23550033569336,-1.2355003356933594,-0.006534576416015625,0.0,0.550000011920929,34890.0,0,0,0,0
91.3958089351654,21.055898666381836,-1.055898666381836,0.029794692993164062,0.0,0.550000011920929,34890.0,0,0,0,0
91.608149766922,20.93170928955078,-0.9317092895507812,-0.0135498046875,0.0,0.550000011920929,34890.0,0,0,0,0
91.82499670982361,20.90256118774414,-0.9025611877441406,-0.016603469848632812,0.0,0.550000011920929,34890.0,0,0,0,0
92.03454375267029,20.850812911987305,-0.8508129119873047,0.2916259765625,0.0,0.550000011920929,34889.0,0,0,0,0
92.24085521697998,21.251855850219727,-1.2518558502197266,-0.3710765838623047,0.0,0.550000011920929,34890.0,0,0,0,0
92.44621348381042,20.866296768188477,-0.8662967681884766,0.03938102722167969,0.0,0.550000011920929,34890.0,0,0,0,0
92.65875792503357,20.81686782836914,-0.8168678283691406,0.027761459350585938,0.0,0.550000011920929,34889.0,0,0,0,0
92.87463855743408,20.78717613220215,-0.7871761322021484,0.009202957153320312,0.0,0.550000011920929,34891.0,0,0,0,0
93.07391476631165,20.800472259521484,-0.8004722595214844,-0.00716400146484375,0.0,0.550000011920929,34891.0,0,0,0,0
93.28031969070435,20.794330596923828,-0.7943305969238281,-0.026538848876953125,0.0,0.550000011920929,34891.0,0,0,0,0
93.49755883216858,20.801494598388672,-0.8014945983886719,0.45691490173339844,0.0,0.550000011920929,34889.0,0,0,0,0
93.70844578742981,21.261688232421875,-1.261688232421875,-0.4704246520996094,0.0,0.550000011920929,34890.0,0,0,0,0
93.92499709129333,20.780027389526367,-0.7800273895263672,0.023515701293945312,0.0,0.550000011920929,34891.0,0,0,0,0
94.12510418891907,20.77084732055664,-0.7708473205566406,0.0224609375,0.0,0.550000011920929,34890.0,0,0,0,0
94.34164190292358,20.595727920532227,-0.5957279205322266,0.07393455505371094,0.0,0.550000011920929,34890.0,0,0,0,0
94.54788947105408,20.512760162353516,-0.5127601623535156,0.0029449462890625,0.0,0.550000011920929,34890.0,0,0,0,0
94.75814247131348,20.487279891967773,-0.48727989196777344,-0.047760009765625,0.0,0.550000011920929,34891.0,0,0,0,0
94.95981192588806,20.490215301513672,-0.4902153015136719,0.38125038146972656,0.0,0.550000011920929,34890.0,0,0,0,0
95.17468309402466,20.878707885742188,-0.8787078857421875,-0.4070606231689453,0.0,0.550000011920929,34891.0,0,0,0,0
95.39167547225952,20.487279891967773,-0.48727989196777344,-0.008794784545898438,0.0,0.550000011920929,34891.0,0,0,0,0
95.59787106513977,20.464820861816406,-0.46482086181640625,0.001949310302734375,0.0,0.550000011920929,34890.0,0,0,0,0
95.80800366401672,20.462871551513672,-0.4628715515136719,0.03517723083496094,0.0,0.550000011920929,34889.0,0,0,0,0
96.0110251903534,20.477506637573242,-0.4775066375732422,0.011730194091796875,0.0,0.550000011920929,34889.0,0,0,0,0
96.22521734237671,20.40850830078125,-0.40850830078125,0.04851722717285156,0.0,0.550000011920929,34890.0,0,0,0,0
96.44238567352295,20.255544662475586,-0.25554466247558594,0.024623870849609375,0.0,0.550000011920929,34891.0,0,0,0,0
96.64873766899109,20.465795516967773,-0.46579551696777344,-0.2807769775390625,0.0,0.550000011920929,34890.0,0,0,0,0
96.86246395111084,20.20938491821289,-0.20938491821289062,-0.051441192626953125,0.0,0.550000011920929,34890.0,0,0,0,0
97.07414770126343,20.179407119750977,-0.17940711975097656,-0.000934600830078125,0.0,0.550000011920929,34890.0,0,0,0,0
97.27560901641846,20.16633415222168,-0.1663341522216797,0.017747879028320312,0.0,0.550000011920929,34890.0,0,0,0,0
97.4918303489685,20.159807205200195,-0.1598072052001953,0.0214691162109375,0.0,0.550000011920929,34891.0,0,0,0,0
97.69795608520508,20.058067321777344,-0.05806732177734375,0.059932708740234375,0.0,0.550000011920929,34890.0,0,0,0,0
97.90882802009583,19.92987823486328,0.07012176513671875,0.011716842651367188,0.0,0.550000011920929,34890.0,0,0,0,0
98.11619758605957,19.907405853271484,0.09259414672851562,0.14974403381347656,0.0,0.550000011920929,34889.0,0,0,0,0
98.32818555831909,20.09027099609375,-0.09027099609375,-0.2142009735107422,0.0,0.550000011920929,34890.0,0,0,0,0
98.54151463508606,19.812957763671875,0.187042236328125,0.013284683227539062,0.0,0.550000011920929,34891.0,0,0,0,0
98.7493667602539,19.656475067138672,0.3435249328613281,0.009508132934570312,0.0,0.550000011920929,34890.0,0,0,0,0
98.95913124084473,19.628887176513672,0.3711128234863281,0.020679473876953125,0.0,0.550000011920929,34889.0,0,0,0,0
99.17431020736694,19.44567108154297,0.5543289184570312,0.05122184753417969,0.0,0.550000011920929,34890.0,0,0,0,0
99.37946391105652,19.37827491760254,0.6217250823974609,-0.0552215576171875,0.0,0.550000011920929,34889.0,0,0,0,0
99.59126591682434,19.197093963623047,0.8029060363769531,0.030652999877929688,0.0,0.550000011920929,34890.0,0,0,0,0
99.80470323562622,19.454875946044922,0.5451240539550781,-0.30188941955566406,0.0,0.550000011920929,34889.0,0,0,0,0
100.00932765007019,19.004484176635742,0.9955158233642578,0.026599884033203125,0.0,0.550000011920929,34891.0,0,0,0,0
100.21162366867065,18.911481857299805,1.0885181427001953,-0.016902923583984375,0.0,0.550000011920929,34891.0,0,0,0,0
100.42786812782288,18.887678146362305,1.1123218536376953,-0.011486053466796875,0.0,0.550000011920929,34890.0,0,0,0,0
100.63288426399231,18.866252899169922,1.1337471008300781,0.013765335083007812,0.0,0.550000011920929,34891.0,0,0,0,0
100.85097742080688,18.739973068237305,1.2600269317626953,-0.013460159301757812,0.0,0.550000011920929,34890.0,0,0,0,0
101.05941081047058,18.593486785888672,1.4065132141113281,0.08614349365234375,0.0,0.550000011920929,34889.0,0,0,0,0
101.27487826347351,18.987329483032227,1.0126705169677734,-0.340972900390625,0.0,0.550000011920929,34890.0,0,0,0,0
101.47925281524658,18.605195999145508,1.3948040008544922,0.030109405517578125,0.0,0.550000011920929,34889.0,0,0,0,0
101.69322466850281,18.50347900390625,1.49652099609375,0.005767822265625,0.0,0.550000011920929,34889.0,0,0,0,0
101.90477538108826,18.43967628479004,1.560323715209961,-0.014245986938476562,0.0,0.550000011920929,34891.0,0,0,0,0
102.10927176475525,18.410505294799805,1.5894947052001953,0.0021305084228515625,0.0,0.550000011920929,34889.0,0,0,0,0
102.3119444847107,18.40128517150879,1.598714828491211,-0.055034637451171875,0.0,0.550000011920929,34890.0,0,0,0,0
102.52958631515503,18.35679817199707,1.6432018280029297,0.3533039093017578,0.0,0.550000011920929,34890.0,0,0,0,0
102.74401760101318,18.411216735839844,1.5887832641601562,0.005680084228515625,0.0,0.550000011920929,34890.0,0,0,0,0
102.95544672012329,18.244552612304688,1.7554473876953125,0.022840499877929688,0.0,0.550000011920929,34890.0,0,0,0,0
103.16054582595825,18.208738327026367,1.7912616729736328,0.005496978759765625,0.0,0.550000011920929,34890.0,0,0,0,0
103.3607439994812,18.205307006835938,1.7946929931640625,-0.005489349365234375,0.0,0.550000011920929,34889.0,0,0,0,0
103.58073329925537,18.203248977661133,1.7967510223388672,-0.025333404541015625,0.0,0.550000011920929,34889.0,0,0,0,0
103.79406499862671,18.19159507751465,1.8084049224853516,-0.0653839111328125,0.0,0.550000011920929,34891.0,0,0,0,0
104.0044002532959,18.097150802612305,1.9028491973876953,0.38044166564941406,0.0,0.550000011920929,34890.0,0,0,0,0
104.21487832069397,18.004161834716797,1.9958381652832031,0.0206146240234375,0.0,0.550000011920929,34889.0,0,0,0,0
104.41118597984314,17.99355125427246,2.006448745727539,0.0006618499755859375,0.0,-0.0,34891.0,0,0,0,0
104.63117742538452,17.99090003967285,2.0090999603271484,0.0033130645751953125,0.0,-0.0,34894.0,0,0,0,0
104.84226059913635,17.983619689941406,2.0163803100585938,0.0033092498779296875,0.0,-0.0,34892.0,0,0,0,0
105.04405069351196,17.99156379699707,2.0084362030029297,-0.0039730072021484375,0.0,-0.0,34892.0,0,0,0,0
105.26026940345764,17.986928939819336,2.013071060180664,-0.050754547119140625,0.0,-0.0,34894.0,0,0,0,0
105.46646857261658,17.939456939697266,2.0605430603027344,0.3189277648925781,0.0,-0.0,34894.0,0,0,0,0
105.68050122261047,18.252849578857422,1.7471504211425781,-0.26459693908691406,0.0,-0.0,34894.0,0,0,0,0
105.89370012283325,17.99156379699707,2.0084362030029297,-0.0039730072021484375,0.0,-0.0,34894.0,0,0,0,0
106.0945839881897,17.986928939819336,2.013071060180664,-0.0006618499755859375,0.0,-0.0,34894.0,0,0,0,0
106.31059074401855,17.987590789794922,2.012409210205078,0.0,0.0,-0.0,34894.0,0,0,0,0
106.51141023635864,17.98626708984375,2.01373291015625,0.0033092498779296875,0.0,-0.0,34893.0,0,0,0,0
106.73250484466553,17.98626708984375,2.01373291015625,-0.048778533935546875,0.0,-0.0,34892.0,0,0,0,0
106.94405198097229,17.964466094970703,2.035533905029297,0.32654762268066406,0.0,-0.0,34892.0,0,0,0,0
107.14434885978699,18.257692337036133,1.7423076629638672,-0.2648029327392578,0.0,-0.0,34893.0,0,0,0,0
107.3605523109436,17.987590789794922,2.012409210205078,0.0039730072021484375,0.0,-0.0,34892.0,0,0,0,0
107.56183195114136,17.986928939819336,2.013071060180664,-0.001323699951171875,0.0,-0.0,34893.0,0,0,0,0
107.78186106681824,17.983619689941406,2.0163803100585938,0.0052947998046875,0.0,-0.0,34894.0,0,0,0,0
107.98283767700195,17.986928939819336,2.013071060180664,-0.011903762817382812,0.0,0.949999988079071,34891.0,0,0,0,0
108.19566178321838,18.064876556396484,1.9351234436035156,-0.09315299987792969,0.0,0.949999988079071,34891.0,0,0,0,0
108.40798020362854,18.11470603942871,1.885293960571289,0.32140541076660156,0.0,0.949999988079071,34892.0,0,0,0,0
108.6178514957428,18.44395637512207,1.5560436248779297,-0.2728691101074219,0.0,0.949999988079071,34891.0,0,0,0,0
108.83300423622131,18.17108726501465,1.8289127349853516,0.018453598022460938,0.0,0.949999988079071,34890.0,0,0,0,0
109.04303073883057,18.336427688598633,1.6635723114013672,-0.01261138916015625,0.0,0.949999988079071,34891.0,0,0,0,0
109.2481918334961,18.406957626342773,1.5930423736572266,-0.021244049072265625,0.0,0.949999988079071,34891.0,0,0,0,0
109.46520400047302,18.411924362182617,1.5880756378173828,-0.015598297119140625,0.0,0.949999988079071,34890.0,0,0,0,0
109.67491245269775,18.4140567779541,1.5859432220458984,-0.05444526672363281,0.0,0.949999988079071,34890.0,0,0,0,0
109.88481569290161,18.491239547729492,1.5087604522705078,0.3194999694824219,0.0,0.949999988079071,34891.0,0,0,0,0
110.09430027008057,18.89381217956543,1.1061878204345703,-0.2893486022949219,0.0,0.949999988079071,34891.0,0,0,0,0
110.3048791885376,18.6205997467041,1.3794002532958984,0.009553909301757812,0.0,0.949999988079071,34891.0,0,0,0,0
110.5149245262146,18.800905227661133,1.1990947723388672,-0.00075531005859375,0.0,0.949999988079071,34890.0,0,0,0,0
110.71757817268372,18.85175895690918,1.1482410430908203,0.0015239715576171875,0.0,0.949999988079071,34890.0,0,0,0,0
110.93389439582825,18.971776962280273,1.0282230377197266,-0.05028724670410156,0.0,0.949999988079071,34891.0,0,0,0,0
111.13944268226624,19.077512741088867,0.9224872589111328,-0.022075653076171875,0.0,0.949999988079071,34890.0,0,0,0,0
111.3549439907074,19.235027313232422,0.7649726867675781,0.2999114990234375,0.0,0.949999988079071,34891.0,0,0,0,0
